<?xml version="1.0" encoding="utf-8"?>
<items>
<item><Title>Charlie and the Chocolate Factory (Dahl Fiction)</Title><SalePrice>288.00</SalePrice><Level>Reading level: 7 -  10 years</Level><Author>Roald Dahl</Author></item>
<item><Title>Grandma's Bag of Stories</Title><SalePrice>150.00</SalePrice><Level>Reading level: 12.00+  years</Level><Author></Author></item>
<item><Title>How I Taught My Grandmother to Read: And Other Stories</Title><SalePrice>134.00</SalePrice><Level>Reading level: 8.00+  years</Level><Author></Author></item>
<item><Title>The Adventures of Tom Sawyer</Title><SalePrice>99.00</SalePrice><Level>Paperback: 248 pages</Level><Author>Mark Twain</Author></item>
<item><Title>Great Stories for Children</Title><SalePrice>100.00</SalePrice><Level>Reading level: 8+  years</Level><Author>Ruskin Bond</Author></item>
<item><Title>The Very Hungry Caterpillar</Title><SalePrice>268.00</SalePrice><Level>Reading level: 2 -  5 years</Level><Author>Eric Carle</Author></item>
<item><Title>Harry Potter and the Philosopher's Stone</Title><SalePrice>316.00</SalePrice><Level>Reading level: 8 -  12 years</Level><Author>J.K. Rowling</Author></item>
<item><Title>Matilda (Dahl Fiction)</Title><SalePrice>221.00</SalePrice><Level>Reading level: 9 -  12 years</Level><Author>Roald Dahl</Author></item>
<item><Title>Wonder</Title><SalePrice>329.00</SalePrice><Level>Reading level: 9 -  11 years</Level><Author>R J Palacio</Author></item>
<item><Title>Charlotte's Web (A Puffin Book)</Title><SalePrice>239.00</SalePrice><Level>Reading level: 7 -  11 years</Level><Author>E. B. WhiteGarth Williams</Author></item>
</items>