Author,Level,SalePrice,Title
R J Palacio,Reading level: 9 -  11 years,326.00,Wonder
Mark Twain,Paperback: 248 pages,99.00,The Adventures of Tom Sawyer
Author,Level,SalePrice,Title
J.K. Rowling,Reading level: 8 -  12 years,275.00,Harry Potter and the Philosopher's Stone
Roald Dahl,Reading level: 9 -  12 years,199.00,Matilda (Dahl Fiction)
,Reading level: 12.00+  years,160.00,Grandma's Bag of Stories
Eric Carle,Reading level: 2 -  5 years,179.00,The Very Hungry Caterpillar
Ruskin Bond,Reading level: 8+  years,95.00,Great Stories for Children
Roald Dahl,Reading level: 7 -  10 years,239.00,Charlie and the Chocolate Factory (Dahl Fiction)
E. B. WhiteGarth Williams,Reading level: 7 -  11 years,239.00,Charlotte's Web (A Puffin Book)
R J Palacio,Reading level: 9 -  11 years,329.00,Wonder
,Reading level: 8.00+  years,144.00,How I Taught My Grandmother to Read: And Other Stories
Mark Twain,Paperback: 248 pages,99.00,The Adventures of Tom Sawyer
