[
{"Title": "Harry Potter and the Philosopher's Stone", "SalePrice": "328.00", "Level": "Reading level: 8 -  12 years", "Author": "J.K. Rowling"},
{"Title": "The Very Hungry Caterpillar", "SalePrice": "224.00", "Level": "Reading level: 2 -  5 years", "Author": "Eric Carle"},
{"Title": "Great Stories for Children", "SalePrice": "95.00", "Level": "Reading level: 8+  years", "Author": "Ruskin Bond"},
{"Title": "How I Taught My Grandmother to Read: And Other Stories", "SalePrice": "144.00", "Level": "Reading level: 8.00+  years", "Author": ""},
{"Title": "Grandma's Bag of Stories", "SalePrice": "160.00", "Level": "Reading level: 12.00+  years", "Author": ""},
{"Title": "Charlie and the Chocolate Factory (Dahl Fiction)", "SalePrice": "288.00", "Level": "Reading level: 7 -  10 years", "Author": "Roald Dahl"},
{"Title": "Matilda (Dahl Fiction)", "SalePrice": "199.00", "Level": "Reading level: 9 -  12 years", "Author": "Roald Dahl"},
{"Title": "Wonder", "SalePrice": "329.00", "Level": "Reading level: 9 -  11 years", "Author": "R J Palacio"},
{"Title": "Charlotte's Web (A Puffin Book)", "SalePrice": "251.00", "Level": "Reading level: 7 -  11 years", "Author": "E. B. WhiteGarth Williams"},
{"Title": "The Adventures of Tom Sawyer", "SalePrice": "99.00", "Level": "Paperback: 248 pages", "Author": "Mark Twain"}
]